Graph,Method,AUC
fb,ml,0.7470741000000001
cal,ml,0.8044349000000001
email,ml,0.7784302000000001
usa,ml,0.886998
cel,ml,0.7492141999999999
