Graph,Method,PPL
fb,ml,0.07575993764614185
cal,ml,0.04657534246575342
email,ml,0.028256880733944955
usa,ml,0.38494117647058823
cel,ml,0.10116550116550116
