Graph,Method,PPL
ba,ra,0.021052631578947368
ba,srw,0.02631578947368421
