N=1000,graph=fb,method=pearson,r=0.1,beta=0.95,modify_type=hide,dj=0.4,reconstruct_type=ra
k,prec,prec_err,rank,rank_err,css
0,0.5175666666666666,0.015548377830638007,19.266,2.830428336589458,4.0
642,0.49345000000000006,0.015524731284248194,21.065,2.8932406772711836,4.0
1284,0.4796166666666667,0.01545974777612175,21.129,2.838848960832968,5.0
2567,0.4005,0.015168382571316892,24.499,2.8920480530138044,8.0
5134,0.2772,0.013936560589126274,31.74,3.106605123828162,13.25
