N=1000,graph=email,method=lptva,r=0.1,beta=0.95,modify_type=hide,dj=0.1,reconstruct_type=ra
k,prec,prec_err,rank,rank_err,css
0,0.7994166666666668,0.010509670234894334,12.05,3.0001764212390176,1.0
136,0.7855833333333334,0.010932838810869967,12.176,3.0212479148462754,1.0
273,0.7615833333333334,0.011633634239234053,12.54,2.9735009850524863,1.0
545,0.7244166666666667,0.012447965045670023,12.812,2.9981737277385574,2.0
1090,0.6406666666666667,0.013777999772179075,13.11,2.967980931679113,2.0
