N=1000,graph=cal,method=pearson,r=0.1,beta=0.5,modify_type=hide,dj=0.1,reconstruct_type=ra
k,prec,prec_err,rank,rank_err,css
0,0.327,0.014757668812816899,36.206,2.9531387696132048,22.5
155,0.3175,0.014668296046538904,41.274,3.297030684621442,28.0
310,0.302,0.01445700539548232,42.663,3.3067079926641156,32.0
620,0.2753333333333334,0.014053475258223503,44.594,3.3286605632213604,34.0
1241,0.25633333333333336,0.01371467920729802,48.983,3.5144160013906767,40.25
