N=1000,graph=cal,method=pearson,r=0.1,beta=0.95,modify_type=hide,dj=0.3,reconstruct_type=ra
k,prec,prec_err,rank,rank_err,css
0,0.6549166666666667,0.014565863505382548,27.589,3.8116648420169175,2.0
465,0.6364166666666667,0.014700328168424356,27.335,3.736558395588598,3.0
931,0.576,0.01513945848447702,30.19,3.798554319068627,4.0
1862,0.43925,0.01527733619345449,34.78,3.802122793616447,8.0
3723,0.3185833333333334,0.014412471109777003,45.11,4.012791596432139,23.0
