N=1000,graph=fb,method=gmla,r=0.1,beta=0.95,modify_type=hide,dj=0.1,reconstruct_type=srw
k,prec,prec_err,rank,rank_err,css
0,0.6215833333333333,0.0150302587972678,168.761,10.25521961775604,4.0
160,0.6305833333333333,0.01493775107707228,167.157,10.218931887429324,4.0
321,0.6406666666666666,0.014840440799638404,159.315,10.032204987534488,4.0
642,0.6380833333333332,0.014840603570868702,152.327,9.85526916940382,4.0
1284,0.6261666666666666,0.014999583837329316,153.202,9.873256625470265,5.0
