N=1000,graph=email,method=pearson,r=0.1,beta=0.95,modify_type=hide,dj=0.6,reconstruct_type=ra
k,prec,std_err
0,0.12734285714285715,0.010161348998385085
1635,0.09237619047619047,0.00881556613310021
3271,0.08648333333333333,0.008627398768430118
6541,0.08061666666666667,0.008397689948685415
