N=1000,graph=fb,method=pearson,r=0.1,beta=0.95,modify_type=hide,dj=0.1,reconstruct_type=ra
k,prec,prec_err,rank,rank_err,css
160,0.9231166666666667,0.007729170849869403,2.743,0.7734915902841091,1.0
321,0.9153666666666667,0.008127554670545154,2.828,0.8116262398131004,1.0
642,0.8935333333333333,0.00917424620664427,2.802,0.7519642586228731,1.0
1284,0.8642000000000001,0.010302321639538236,3.267,0.9405319299796853,1.0
