N=1000,graph=email,method=lptva,r=0.1,beta=0.95,modify_type=hide,dj=0.4,reconstruct_type=ra
k,prec,std_err
0,0.35625,0.014241122863515605
1090,0.2736666666666666,0.01321943763210398
2180,0.2055833333333333,0.012005689237776979
4361,0.14583333333333331,0.01068095655046086
