N=1000,graph=email,method=pearson,r=0.1,beta=0.95,modify_type=hide,dj=0.1,reconstruct_type=srw
k,prec,std_err
0,0.7820333333333335,0.011565050528513072
273,0.7741166666666666,0.011819806107865672
545,0.75725,0.012086052988610886
1090,0.6950666666666666,0.013280094578847485
1635,0.6687666666666666,0.013604047359113147
2726,0.5571166666666666,0.014719456659428472
4361,0.4048333333333334,0.014666385132433044
