N=1000,graph=fb,method=gmla,r=0.1,beta=0.95,modify_type=hide,dj=0.6,reconstruct_type=ra
k,prec,prec_err,rank,rank_err,css
963,0.04275,0.006246916156109464,372.758,11.788038313616191,758.0
1925,0.05516666666666667,0.007069571412119844,355.106,11.721894538664625,758.0
3851,0.06633333333333334,0.007795625168757906,335.643,11.617877888738445,758.0
7702,0.0615,0.00758454186324232,317.89,11.418723095737855,757.0
