N=1000,graph=email,method=pearson,r=0.1,beta=0.95,modify_type=hide,dj=0.2,reconstruct_type=srw
k,prec,std_err
0,0.6909500000000001,0.013433331128895467
545,0.6401166666666668,0.013991824270773343
1090,0.5939500000000001,0.014558657860027895
2180,0.47670000000000007,0.014848899691366574
3271,0.4120333333333333,0.014742692777225508
5451,0.28678333333333333,0.013678975785679707
8722,0.24520000000000003,0.013161123628899441
