N=1000,graph=cal,method=pearson,r=0.1,beta=0.75,modify_type=hide,dj=0.1,reconstruct_type=ra
k,prec,prec_err,rank,rank_err,css
0,0.7258333333333333,0.013767714648165105,8.734,1.7988616253473038,2.0
155,0.7035833333333333,0.014112994512650884,9.528,1.9320460703663414,2.0
310,0.6715833333333334,0.014532514056354173,9.26,1.8505196088728217,2.0
620,0.6323333333333334,0.014960709302129463,10.815,1.8530927466610319,2.0
1241,0.5598333333333333,0.015379128744316684,13.139,2.039261205747136,3.0
