N=1000,graph=email,method=gmla,r=0.1,beta=0.95,modify_type=hide,dj=0.4,reconstruct_type=srw
k,prec,prec_err,rank,rank_err,css
0,0.11383333333333333,0.009763797847921765,522.463,16.32841724849169,1038.0
545,0.12903333333333333,0.0101991273580406,523.607,16.328614950975396,1038.0
1090,0.12833333333333335,0.010206002931077504,503.037,16.310648941715957,1038.0
2180,0.13645,0.010470682850990797,491.248,16.27399137554433,1038.0
4361,0.12475,0.01014369255573788,455.789,16.120481581063437,1037.0
