N=1000,graph=fb,method=pearson,r=0.1,beta=0.95,modify_type=hide,dj=0.2,reconstruct_type=srw
k,prec,prec_err,rank,rank_err,css
0,0.83275,0.011158230606908225,6.993,1.7092157176229594,1.0
321,0.83345,0.011066212475755137,6.975,1.695963049616845,1.0
642,0.81825,0.011541417091290909,7.221,1.7228291555750086,1.0
1284,0.77675,0.012556722320817199,7.99,1.8183691501910082,1.0
2567,0.6625333333333333,0.014437825695402013,8.929,1.8188348245838935,2.0
