N=300,graph=email,method=gmla,r=0.1,beta=0.95,modify_type=hide,dj=0.3,reconstruct_type=srw
k,prec,std_err
409,0.2637222222222222,0.02429838185795474
818,0.2623333333333333,0.024273777548563507
1635,0.2594444444444444,0.024279131732099557
3271,0.24055555555555552,0.023870733640214525
