N=500,graph=email,method=pearson,r=0.3,beta=0.95,modify_type=hide,dj=0.3,reconstruct_type=ra
k,prec,std_err
0,0.6242333333333333,0.020480966447898562
818,0.6232333333333333,0.020039856245576054
1635,0.5869,0.020490155512974804
3271,0.5087333333333333,0.02116977401857015
