N=1000,graph=ba,method=pearson,r=0.1,beta=0.95,modify_type=hide,dj=0.4,reconstruct_type=bp
k,prec,std_err
0,0.16755,0.011521912783753346
156,0.05965396825396826,0.006906683491905234
312,0.04378571428571428,0.006317716446004244
