N=1000,graph=cal,method=lptva,r=0.1,beta=0.75,modify_type=hide,dj=0.6,reconstruct_type=ra
k,prec,prec_err,rank,rank_err,css
0,0.0235,0.00453339111133174,210.015,7.339180222704805,320.25
931,0.02,0.004117072214201528,230.75,7.633673982983455,368.5
1862,0.015416666666666665,0.003716296472374304,232.359,7.6064068747697515,372.25
3723,0.025,0.004634631932147344,237.503,7.62149257955029,379.25
7446,0.028583333333333336,0.00497138332379954,235.508,7.800430671101093,373.25
