N=1000,graph=email,method=gmla,r=0.1,beta=0.95,modify_type=hide,dj=0.5,reconstruct_type=srw
k,prec,std_err
0,0.05166666666666667,0.006777318286333125
1363,0.07591666666666667,0.007994913002133886
2726,0.08708333333333333,0.008645703307752684
5451,0.08861666666666668,0.008820408619748317
