N=1000,graph=email,method=lptva,r=0.1,beta=0.95,modify_type=hide,dj=0.2,reconstruct_type=srw
k,prec,std_err
0,0.6659833333333334,0.013183712974264414
545,0.6264,0.01373013315873362
1090,0.5414,0.014361602590320334
2180,0.41136666666666666,0.014574593415174987
