N=1000,graph=email,method=pearson,r=0.1,beta=0.75,modify_type=hide,dj=0.2,reconstruct_type=ra
k,prec,prec_err,rank,rank_err,css
0,0.47525,0.014891441362715445,33.584,4.522031812771302,5.0
273,0.4479166666666667,0.014968169383923242,33.563,4.4840960235200304,5.0
545,0.4212261904761905,0.014793795054123053,33.303,4.4533413792836996,6.0
1090,0.3708666666666667,0.014493280959491142,35.537,4.4522741802787005,8.0
2180,0.2813333333333333,0.013519775881849928,38.775,4.565539017632149,12.0
