N=100,graph=email,method=pearson,r=0.1,beta=0.95,modify_type=hide,dj=0.5,reconstruct_type=srw
k,prec,std_err
0,0.23666666666666664,0.04097438361017095
2726,0.12,0.032659863237109045
5451,0.08166666666666667,0.02621834845552116
