N=300,graph=email,method=gmla,r=0.1,beta=0.95,modify_type=hide,dj=0.5,reconstruct_type=srw
k,prec,std_err
681,0.085,0.015866816090281288
1363,0.08416666666666667,0.01557898743494993
2726,0.10277777777777779,0.017087919295150168
5451,0.085,0.015866816090281288
