N=100,graph=email,method=pearson,r=0.1,beta=0.95,modify_type=hide,dj=0.2,reconstruct_type=srw
k,prec,std_err
0,0.7166666666666667,0.040445054940447325
1090,0.6383333333333333,0.04488762624486831
2180,0.52,0.04691851235223471
