N=1000,graph=email,method=gmla,r=0.1,beta=0.95,modify_type=hide,dj=0.5,reconstruct_type=ra
k,prec,std_err
0,0.06545,0.0075305271842684655
1363,0.07995,0.008220081137103652
2726,0.08936666666666666,0.00873319852827772
5451,0.06903333333333334,0.007747830161118583
