N=1000,graph=fb,method=pearson,r=0.1,beta=0.95,modify_type=hide,dj=0.5,reconstruct_type=ra
k,prec,prec_err,rank,rank_err,css
802,0.3640333333333333,0.014919901031176904,32.598,3.430268085024133,12.0
1604,0.34470000000000006,0.014710898774887524,35.213,3.3849395041043864,15.0
3209,0.24653333333333335,0.013451477904430019,41.298,3.463802119221177,23.0
6418,0.16533333333333333,0.011658126432318016,47.384,3.423941868946072,31.0
