N=1000,graph=cal,method=pearson,r=0.1,beta=0.75,modify_type=hide,dj=0.4,reconstruct_type=ra
k,prec,prec_err,rank,rank_err,css
0,0.3320833333333334,0.01454381174107943,67.535,5.176350391770092,32.0
620,0.26866666666666666,0.013745461632599716,80.339,5.571067480462957,56.0
1241,0.21925,0.01280582914509743,88.468,5.7145953116188,72.0
2482,0.16416666666666666,0.011474022004455827,102.274,5.764008042387928,107.25
4964,0.12833333333333333,0.010452316374098663,120.01,6.155758870136751,136.0
