N=1000,graph=email,method=gmla,r=0.1,beta=0.95,modify_type=hide,dj=0.1,reconstruct_type=srw
k,prec,prec_err,rank,rank_err,css
0,0.5269166666666666,0.01464381518825309,241.264,14.478319171438033,5.0
136,0.5375,0.014570725996190316,233.477,14.30539771816481,4.0
273,0.5385,0.014487729669539122,234.66,14.332419078321587,4.0
545,0.5289166666666667,0.014644270891639699,233.654,14.305977466614271,5.0
1090,0.5244500000000001,0.014682027315488807,229.329,14.198521146998436,6.0
