N=300,graph=email,method=pearson,r=0.1,beta=0.95,modify_type=hide,dj=0.5,reconstruct_type=srw
k,prec,std_err
681,0.22027777777777777,0.022447822475389862
1363,0.19583333333333333,0.02188801903286827
2726,0.16333333333333333,0.02026304168719359
5451,0.1075,0.017001855211686977
