N=300,graph=email,method=gmla,r=0.1,beta=0.95,modify_type=hide,dj=0.6,reconstruct_type=srw
k,prec,std_err
818,0.0425,0.011209281569799053
1635,0.06361111111111112,0.013648599584352265
3271,0.06027777777777777,0.013494120261743
6541,0.043333333333333335,0.011481921010674988
