N=100,graph=email,method=pearson,r=0.1,beta=0.95,modify_type=hide,dj=0.4,reconstruct_type=srw
k,prec,std_err
0,0.4495,0.04835420134671638
2180,0.25416666666666665,0.040917078968209404
4361,0.29583333333333334,0.04371842294788897
