N=1000,graph=email,method=pearson,r=0.1,beta=0.95,modify_type=hide,dj=0.2,reconstruct_type=srw
k,prec,std_err
55,0.6933166666666666,0.013334127843779029
109,0.68415,0.013444260364477436
273,0.66495,0.013646517767159192
545,0.6344500000000001,0.013975431186318022
1090,0.5839666666666667,0.014346462122065647
