N=1000,graph=email,method=lptva,r=0.1,beta=0.95,modify_type=hide,dj=0.6,reconstruct_type=ra
k,prec,prec_err,rank,rank_err,css
0,0.071,0.007760641783656012,162.415,8.723259254832854,159.25
818,0.07266666666666666,0.007834421225190251,165.228,8.747952371080142,169.0
1635,0.07683333333333334,0.00810751596658815,171.174,8.846002570963085,177.5
3271,0.06333333333333332,0.0075270616216858936,165.71,8.793554486127924,159.0
6541,0.05366666666666666,0.007063427150769331,164.781,8.812486309433563,156.5
.25
