N=1000,graph=cal,method=lptva,r=0.1,beta=0.75,modify_type=hide,dj=0.4,reconstruct_type=ra
k,prec,prec_err,rank,rank_err,css
0,0.1746666666666667,0.011648295751096644,98.987,5.678079024847437,102.0
620,0.149,0.010935504191329506,124.846,6.169308604102461,161.25
1241,0.13453333333333334,0.010416031892570876,136.799,6.463994881559611,189.75
2482,0.11936666666666666,0.010009862726143686,146.887,6.75853386549265,203.0
4964,0.08658333333333333,0.008694012692078581,153.617,6.717482331936564,212.0
