N=500,graph=email,method=pearson,r=0.3,beta=0.95,modify_type=hide,dj=0.1,reconstruct_type=ra
k,prec,std_err
0,0.8296666666666666,0.014883792419130742
273,0.8256666666666665,0.01494233702472306
545,0.828,0.01467751769605824
1090,0.8103333333333333,0.015429997937114099
