N=1000,graph=fb,method=pearson,r=0.1,beta=0.95,modify_type=hide,dj=0.6,reconstruct_type=srw
k,prec,prec_err,rank,rank_err,css
0,0.193,0.012297787154697202,51.819,4.075074535695204,30.25
963,0.202,0.012477380267976323,53.773,4.188969436023129,31.0
1925,0.21216666666666667,0.012688870087236194,58.584,4.266701030267023,38.0
3851,0.14658333333333334,0.010915100102315917,66.468,4.430163125813916,50.0
7702,0.09133333333333332,0.009047164446269958,75.345,4.488470155781292,67.0
