N=1000,graph=ba,method=pearson,r=0.1,beta=0.95,modify_type=hide,dj=0.6,reconstruct_type=bp
k,prec,std_err
0,0.11353333333333333,0.009553493038110676
234,0.054775,0.006817777074458711
468,0.046941666666666666,0.006516847124893063
