N=1000,graph=email,method=gmla,r=0.1,beta=0.95,modify_type=hide,dj=0.6,reconstruct_type=srw
k,prec,std_err
164,0.026033333333333332,0.0046988071665890665
327,0.0255,0.004685620382799385
818,0.04,0.005938737402450844
1635,0.050666666666666665,0.006723117686202856
3271,0.06278333333333333,0.00735930410139823
