N=1000,graph=email,method=lptva,r=0.1,beta=0.95,modify_type=hide,dj=0.1,reconstruct_type=ra
k,prec,std_err
0,0.76225,0.011559818347775495
273,0.7288333333333333,0.01232639539186903
545,0.7075,0.012722794834362694
1090,0.6261666666666668,0.01384271704759236
