N=1000,graph=email,method=pearson,r=0.1,beta=0.95,modify_type=hide,dj=0.3,reconstruct_type=srw
k,prec,std_err
82,0.5545166666666667,0.014503398201550078
164,0.5478999999999999,0.01463689576401005
409,0.5317833333333333,0.014668910699427357
818,0.5000333333333333,0.014763493401091453
1635,0.44415000000000004,0.01473398682868516
