N=1000,graph=email,method=lptva,r=0.1,beta=0.95,modify_type=hide,dj=0.3,reconstruct_type=srw
k,prec,std_err
0,0.5492,0.01466224961545834
818,0.47720000000000007,0.0147326542071983
1635,0.37676666666666664,0.014501032259921014
3271,0.23575,0.012790870854267273
