N=1000,graph=fb,method=gmla,r=0.1,beta=0.95,modify_type=hide,dj=0.4,reconstruct_type=ra
k,prec,prec_err,rank,rank_err,css
0,0.1345,0.01064297998790861,325.665,12.078006334325712,783.0
642,0.1775,0.011974436819205193,280.586,11.732478922447113,782.0
1284,0.1795,0.012007244643294477,276.591,11.69098545289745,781.0
2567,0.1915,0.01229751922051675,279.147,11.687817438147615,781.0
5134,0.1716666666666667,0.01178523098828466,241.479,11.206748358367284,780.0
