N=1000,graph=email,method=gmla,r=0.1,beta=0.95,modify_type=hide,dj=0.6,reconstruct_type=srw
k,prec,std_err
0,0.025666666666666664,0.004856648172960479
1635,0.03291666666666667,0.005452609120778948
3271,0.048833333333333326,0.006700471101321628
6541,0.05258333333333333,0.0069969680382573575
