N=1000,graph=cal,method=pearson,r=0.1,beta=0.75,modify_type=hide,dj=0.2,reconstruct_type=ra
k,prec,prec_err,rank,rank_err,css
0,0.6446666666666666,0.014732701617197908,18.436,2.7144996615237242,3.0
310,0.5893333333333333,0.01522703284280502,21.244,2.7183376949569427,3.0
620,0.5413333333333332,0.015383085060306957,23.563,2.74506200228636,4.25
1241,0.449,0.015388387476789198,29.633,3.2492343459397985,9.0
2482,0.36516666666666664,0.014944861212284047,37.58,3.3617702329426233,18.0
