N=1000,graph=fb,method=pearson,r=0.1,beta=0.95,modify_type=hide,dj=0.5,reconstruct_type=ra
k,prec,prec_err,rank,rank_err,css
0,0.3701666666666667,0.015138627386598219,31.046,3.510664416979876,8.0
802,0.35275,0.014914278612788252,32.746,3.55679916558474,9.0
1604,0.3517833333333333,0.014889049038850037,36.002,3.6970821484533465,13.0
3209,0.27625,0.013902339582933961,38.559,3.5964764926469583,19.0
6418,0.17225,0.011833531593314397,45.899,3.643134258605662,29.25
