N=1000,graph=email,method=pearson,r=0.1,beta=0.95,modify_type=hide,dj=0.5,reconstruct_type=srw
k,prec,std_err
136,0.20483333333333334,0.012339571103365582
273,0.22361666666666666,0.01264668258971377
681,0.20475,0.012120719836270008
1363,0.1712,0.011384646247036839
2726,0.1335,0.01024108646942777
