N=1000,graph=cal,method=pearson,r=0.1,beta=0.95,modify_type=hide,dj=0.5,reconstruct_type=ra
k,prec,prec_err,rank,rank_err,css
0,0.23208333333333334,0.013136469756787946,94.645,6.053383055897041,71.25
776,0.22341666666666668,0.012866590586475758,98.651,6.119028984627765,80.0
1551,0.1743333333333333,0.011630603492694215,107.399,6.106729726043797,109.0
3102,0.13278333333333334,0.010441482432524712,122.556,6.24912188938481,148.0
6205,0.09778333333333333,0.009259469131755627,130.142,6.308520053171049,156.25
