N=1000,graph=fb,method=pearson,r=0.1,beta=0.95,modify_type=hide,dj=0.2,reconstruct_type=ra
k,prec,prec_err,rank,rank_err,css
321,0.8395,0.011149995773051775,5.766,1.5190657671097723,1.0
642,0.824,0.0115700561594517,5.851,1.4855024458130381,1.0
1284,0.771,0.012881508708219436,6.033,1.4727562330276935,1.0
2567,0.6128333333333332,0.015083896731523789,7.557,1.3883884086859024,3.0
