N=1000,graph=fb,method=pearson,r=0.1,beta=0.95,modify_type=hide,dj=0.3,reconstruct_type=ra
k,prec,prec_err,rank,rank_err,css
0,0.7030333333333333,0.014037472254432443,9.33,1.8739051791968087,2.0
481,0.7145,0.013893523751174376,9.04,1.7913121445463376,2.0
963,0.6864166666666668,0.014281447075275577,9.632,1.8367460935611688,2.0
1925,0.6015833333333332,0.015176783989774394,11.042,1.8838506122113634,3.0
3851,0.43011666666666665,0.015458079323869766,15.194,2.0216303701105587,6.0
