N=1000,graph=email,method=gmla,r=0.1,beta=0.95,modify_type=hide,dj=0.2,reconstruct_type=srw
k,prec,std_err
55,0.3507833333333333,0.014244621443668011
109,0.36045,0.01431519783501864
273,0.3672833333333333,0.014398456388783945
545,0.38111666666666666,0.0144753011351773
1090,0.3616166666666667,0.014247221278111774
