N=1000,graph=cal,method=pearson,r=0.1,beta=0.75,modify_type=hide,dj=0.3,reconstruct_type=ra
k,prec,prec_err,rank,rank_err,css
0,0.4960833333333333,0.015418473773372215,36.6,3.9027387011391586,7.0
465,0.42075,0.015253894107804703,40.952,4.087247397367486,13.0
931,0.3555833333333333,0.014768848625504172,47.178,4.154409878362681,18.0
1862,0.28391666666666665,0.013995424985745977,55.895,4.242046078242188,34.0
3723,0.1940833333333333,0.012243576928714195,71.002,4.64116325853685,63.0
