N=1000,graph=fb,method=gmla,r=0.1,beta=0.95,modify_type=hide,dj=0.4,reconstruct_type=srw
k,prec,prec_err,rank,rank_err,css
0,0.12233333333333332,0.010307857128678674,313.091,11.994147167901737,782.0
642,0.17833333333333334,0.011992796191623835,299.549,11.910428451777245,782.0
1284,0.228,0.013129993528688298,286.116,11.801153238635699,782.0
2567,0.24358333333333332,0.013386060814299482,264.369,11.553515939728893,781.0
5134,0.22141666666666668,0.012923224249496741,255.852,11.380050951364657,781.0
