N=1000,graph=fb,method=pearson,r=0.1,beta=0.95,modify_type=hide,dj=0.4,reconstruct_type=srw
k,prec,prec_err,rank,rank_err,css
0,0.5265666666666667,0.015540955217323188,15.083,2.2143593878362413,3.0
642,0.5358666666666667,0.015519342375421177,15.741,2.324426139045051,3.0
1284,0.5187,0.015502063001117748,17.566,2.4815809251136423,4.0
2567,0.4430333333333333,0.015335941480753665,19.607,2.576166762107256,6.0
5134,0.24994999999999998,0.013393663466519816,25.511,2.4933103447977505,13.0
