N=1000,graph=email,method=gmla,r=0.1,beta=0.95,modify_type=hide,dj=0.5,reconstruct_type=srw
k,prec,std_err
136,0.06533333333333333,0.007543180114043386
273,0.06733333333333334,0.007722497672621012
681,0.0835,0.008427065450010781
1363,0.08958333333333333,0.00874976166318237
2726,0.094,0.008950928394257164
