N=1000,graph=email,method=pearson,r=0.1,beta=0.95,modify_type=hide,dj=0.4,reconstruct_type=srw
k,prec,prec_err,rank,rank_err,css
0,0.3758166666666667,0.014617577164950565,62.223,6.3125769618198655,9.0
545,0.3720333333333333,0.014587269510264716,63.709,6.293495245203685,11.0
1090,0.3413166666666666,0.014333460970092285,65.373,6.303859493636857,15.0
2180,0.2728666666666667,0.013467084569841225,67.958,6.282211108551862,21.0
4361,0.1767,0.011414058176537857,73.92,6.405944874078274,29.25
