N=1000,graph=fb,method=gmla,r=0.1,beta=0.95,modify_type=hide,dj=0.5,reconstruct_type=srw
k,prec,prec_err,rank,rank_err,css
0,0.06533333333333333,0.007707273755057757,390.943,12.093005107231352,774.0
802,0.09783333333333333,0.009266910252377842,354.042,12.040309019177094,773.0
1604,0.127,0.010407336161540699,341.685,11.997019557092223,773.0
3209,0.1386666666666667,0.010744419652302118,314.853,11.813854347567753,772.0
6418,0.12383333333333332,0.010302065288857498,286.29,11.485735327614686,771.0
