N=1000,graph=email,method=pearson,r=0.1,beta=0.95,modify_type=hide,dj=0.1,reconstruct_type=srw
k,prec,std_err
27,0.7935,0.011265048512307942
55,0.7874166666666667,0.011398741740108952
136,0.7815,0.011487952663104208
273,0.7745,0.011670587786652075
545,0.7547500000000001,0.012169827807965983
