N=1000,graph=ba,method=pearson,r=0.1,beta=0.95,modify_type=hide,dj=0.1,reconstruct_type=bp
k,prec,std_err
0,0.4369583333333334,0.015023421300175348
39,0.1588857142857143,0.010888455105157296
78,0.09946468253968255,0.008904070799084307
