N=1000,graph=email,method=pearson,r=0.1,beta=0.95,modify_type=hide,dj=0.6,reconstruct_type=srw
k,prec,std_err
0,0.11228333333333333,0.009602716554224454
1635,0.10305952380952381,0.009389404386928485
3271,0.08536666666666666,0.008641436736638053
6541,0.06516666666666668,0.007691533492434587
