N=1000,graph=ba,method=pearson,r=0.1,beta=0.95,modify_type=hide,dj=0.2,reconstruct_type=bp
k,prec,std_err
0,0.31765,0.014030980060459514
78,0.09826785714285716,0.008442067738492473
156,0.05104563492063492,0.006562707098112477
