N=1000,graph=cal,method=pearson,r=0.1,beta=0.95,modify_type=hide,dj=0.4,reconstruct_type=ra
k,prec,prec_err,rank,rank_err,css
0,0.43703333333333333,0.015138487941352785,34.359,3.506804784814633,10.0
620,0.4116166666666667,0.01505816025066074,36.869,3.4987462131546594,11.0
1241,0.3527833333333333,0.014599223775079101,43.045,3.799909773835333,20.0
2482,0.2693666666666667,0.013575890120737875,57.491,4.198881103522881,36.25
4964,0.18575000000000003,0.01196324468486943,68.862,4.578936078567992,58.0
