N=1000,graph=email,method=gmla,r=0.1,beta=0.95,modify_type=hide,dj=0.4,reconstruct_type=srw
k,prec,std_err
109,0.11608333333333333,0.009785313307359652
218,0.1245,0.010065947323413723
545,0.14236666666666667,0.010551184965246199
1090,0.13928333333333334,0.010453241442037697
2180,0.15003333333333332,0.010772596042373388
