N=1000,graph=fb,method=gmla,r=0.1,beta=0.95,modify_type=hide,dj=0.6,reconstruct_type=srw
k,prec,prec_err,rank,rank_err,css
0,0.02783333333333333,0.004994466407404768,430.628,11.70423328085581,759.0
963,0.03733333333333333,0.005852485362497851,397.28,11.781369201423928,758.0
1925,0.06925,0.00786312700306095,369.704,11.781137023800955,758.0
3851,0.0935,0.009136745537000404,361.876,11.73388523408537,757.0
7702,0.0585,0.007306239192028352,322.581,11.432136247358942,756.0
