N=100,graph=email,method=pearson,r=0.1,beta=0.95,modify_type=hide,dj=0.1,reconstruct_type=srw
k,prec,std_err
0,0.835,0.03286668305775402
545,0.76,0.038803658406442884
1090,0.76,0.038803658406442884
