N=1000,graph=email,method=gmla,r=0.1,beta=0.95,modify_type=hide,dj=0.6,reconstruct_type=ra
k,prec,std_err
0,0.02325,0.004562952532471858
1635,0.033916666666666664,0.00556764887468396
3271,0.03149999999999999,0.005396313884205605
6541,0.04147619047619047,0.006200781772692196
