N=1000,graph=cal,method=pearson,r=0.1,beta=0.5,modify_type=hide,dj=0.4,reconstruct_type=srw
k,prec,prec_err,rank,rank_err,css
0,0.17608333333333334,0.011792257127517821,114.226,6.419348795864185,125.75
620,0.13425,0.010576371327813581,134.315,6.802373560828681,168.25
1241,0.12908333333333333,0.010347778216313592,145.316,6.913042912228037,188.5
2482,0.09525,0.009105282917644225,154.788,6.823379189196478,213.0
4964,0.07866666666666666,0.0083728060803674,166.56,7.013798241022177,246.0
