N=1000,graph=email,method=pearson,r=0.1,beta=0.95,modify_type=hide,dj=0.3,reconstruct_type=srw
k,prec,std_err
0,0.5681499999999999,0.014907614871193
818,0.5190666666666666,0.015025460022686092
1635,0.4335,0.014867429405374367
3271,0.3100333333333333,0.013913987292494873
