N=1000,graph=email,method=pearson,r=0.1,beta=0.95,modify_type=hide,dj=0.5,reconstruct_type=srw
k,prec,std_err
0,0.22778333333333337,0.012844974018042656
1363,0.21011666666666667,0.012552110831236831
2726,0.17078333333333331,0.011504159096163582
5451,0.1380833333333333,0.01055981915630885
8176,0.0912,0.008869962583699898
13628,0.13225,0.010638873207399514
21804,0.1225,0.010336856417722005
