N=1000,graph=email,method=lptva,r=0.1,beta=0.95,modify_type=hide,dj=0.3,reconstruct_type=ra
k,prec,prec_err,rank,rank_err,css
0,0.5469166666666666,0.014354079148427124,49.389,5.926047731896928,3.0
409,0.5068333333333332,0.014555397954353901,48.708,5.819130262591912,4.0
818,0.4535,0.014667522611296223,49.927,5.805819943489138,6.0
1635,0.3794166666666666,0.014328185546946768,52.658,5.796640240180003,9.0
3271,0.25275,0.013066735091630338,59.307,5.740665291496186,20.0
6373681,22.0
