N=1000,graph=email,method=gmla,r=0.1,beta=0.95,modify_type=hide,dj=0.1,reconstruct_type=srw
k,prec,std_err
27,0.5155833333333333,0.014688880171772823
55,0.5164166666666667,0.014654805079667012
136,0.5151333333333334,0.014640062320840422
273,0.5219666666666667,0.014563772104175034
545,0.5150666666666666,0.014557775010546847
