N=1000,graph=email,method=lptva,r=0.1,beta=0.95,modify_type=hide,dj=0.4,reconstruct_type=ra
k,prec,prec_err,rank,rank_err,css
0,0.3473333333333334,0.014163397334194519,72.246,6.713991149916804,14.0
545,0.3070111111111111,0.013779463675148249,79.283,6.898810803428479,18.0
1090,0.2780277777777777,0.013199522932530062,82.338,6.936471176930558,25.25
2180,0.21058333333333334,0.012163405834594701,85.635,6.867702462404156,35.0
4361,0.12519999999999998,0.00998224226896301,90.626,6.8860528496264,46.0
