N=1000,graph=fb,method=pearson,r=0.1,beta=0.95,modify_type=hide,dj=0.3,reconstruct_type=srw
k,prec,prec_err,rank,rank_err,css
0,0.7019000000000001,0.014078278348384364,7.755,1.6626850262441453,2.0
481,0.7207333333333333,0.013793410195868825,7.818,1.6807587054142616,2.0
963,0.70895,0.013920111362114428,8.087,1.6722247955244438,2.0
1925,0.6479,0.014717524549400132,9.374,1.6788831921169423,2.25
3851,0.42710000000000004,0.015373958998317528,13.16,1.797452429199515,6.0
