N=1000,graph=email,method=gmla,r=0.1,beta=0.95,modify_type=hide,dj=0.2,reconstruct_type=ra
k,prec,std_err
0,0.37811666666666666,0.01454380845269743
545,0.3942595238095238,0.014569952245841025
1090,0.3730928571428571,0.014406555578018437
2180,0.32631666666666664,0.013863598184901717
