N=1000,graph=cal,method=pearson,r=0.1,beta=0.75,modify_type=hide,dj=0.6,reconstruct_type=ra
k,prec,prec_err,rank,rank_err,css
0,0.10483333333333335,0.009554878982961834,164.521,7.2349392468012415,246.0
931,0.10358333333333335,0.009346914052365212,175.948,7.369297785124838,266.5
1862,0.07283333333333333,0.007965751891893396,191.433,7.56319452496248,300.25
3723,0.066,0.007650873754188854,199.543,7.661286148973712,301.25
7446,0.0595,0.007467631185022163,203.911,7.657097637043897,310.0
