N=1000,graph=email,method=gmla,r=0.1,beta=0.95,modify_type=hide,dj=0.1,reconstruct_type=ra
k,prec,std_err
0,0.5395095238095238,0.014636187644319638
273,0.5530428571428572,0.014488348833175426
545,0.5417928571428571,0.01460176769202882
1090,0.5118999999999999,0.014664890199388322
1635,0.4654,0.014830805534184326
2726,0.39963333333333334,0.014710734710262284
5451,0.2534166666666667,0.013274006473516958
