N=300,graph=email,method=pearson,r=0.1,beta=0.95,modify_type=hide,dj=0.3,reconstruct_type=srw
k,prec,std_err
409,0.5561111111111111,0.02659792716643872
818,0.5308333333333334,0.026993666419289034
1635,0.44388888888888883,0.027173832115160883
3271,0.2816666666666667,0.024675335184772305
