N=100,graph=ba,method=pearson,r=0.1,beta=0.95,modify_type=hide,dj=0.3,reconstruct_type=bp
k,prec,std_err
0,0.048095238095238094,0.020129166719027404
57,0.010909090909090908,0.010032088095301121
114,0.0,0.0
