N=1000,graph=fb,method=pearson,r=0.1,beta=0.75,modify_type=hide,dj=0.6,reconstruct_type=ra
k,prec,prec_err,rank,rank_err,css
0,0.17675,0.011925357506240708,57.4,3.988276614071591,41.0
963,0.1655833333333333,0.011592677041750437,59.444,4.030984954537004,46.0
1925,0.1358333333333333,0.01060768304608848,67.081,4.210739218209049,55.0
3851,0.10183333333333333,0.009491109761130734,72.368,4.151535116052834,69.0
7702,0.08833333333333333,0.00890997873478875,80.836,4.2841350255234625,85.0
