N=1000,graph=ba,method=pearson,r=0.1,beta=0.95,modify_type=hide,dj=0.2,reconstruct_type=bp
k,prec,std_err
0,0.31710033577533575,0.01409006915458557
78,0.09153154987713812,0.008594267805189414
156,0.05002083333333333,0.006612072316323266
