N=1000,graph=fb,method=gmla,r=0.1,beta=0.95,modify_type=hide,dj=0.3,reconstruct_type=ra
k,prec,prec_err,rank,rank_err,css
0,0.2368333333333333,0.013245623045489268,271.067,11.761791370673402,788.0
481,0.29536666666666667,0.014264439304547436,248.035,11.494940949932824,788.0
963,0.3323666666666667,0.014739806070437468,227.623,11.20503206664821,787.0
1925,0.34858333333333336,0.014912600594457804,218.603,11.051887875680631,786.0
3851,0.2961666666666667,0.014246420191263626,201.771,10.69007082170989,91.5
