N=1000,graph=email,method=gmla,r=0.1,beta=0.95,modify_type=hide,dj=0.2,reconstruct_type=srw
k,prec,std_err
0,0.3425,0.01428511397041741
545,0.35986666666666667,0.014458581824167404
1090,0.3593166666666667,0.014416625623638496
2180,0.32711666666666667,0.014033282163701541
3271,0.3049166666666666,0.013702127459194765
5451,0.21183333333333332,0.012375010743061634
8722,0.12241666666666666,0.009999109834142884
