N=1000,graph=ba,method=pearson,r=0.1,beta=0.75,modify_type=hide,dj=0.6,reconstruct_type=ra
k,prec,prec_err,rank,rank_err,css
0,0.07533333333333334,0.008144671202837826,217.297,8.227572530263147,362.25
598,0.07558333333333332,0.0081564267992464,229.844,8.296697104682492,389.0
1197,0.0655,0.007714873250369655,233.967,8.299712232007455,392.25
2394,0.0605,0.007459584130190865,238.877,8.406272258515322,411.5
4788,0.05366666666666666,0.0070987677532601285,238.233,8.337724051163683,365.25
