N=1000,graph=email,method=lptva,r=0.1,beta=0.95,modify_type=hide,dj=0.5,reconstruct_type=srw
k,prec,prec_err,rank,rank_err,css
0,0.17053333333333331,0.011313843376184319,110.887,8.012767104294724,44.0
681,0.16957619047619046,0.011205598814306661,116.047,8.108705562350682,52.0
1363,0.14369285714285712,0.010452754977112727,123.036,8.021737278979721,78.25
2726,0.1072,0.009140480022499278,123.708,7.94648131573348,81.25
5451,0.09075,0.00884053689504165,124.317,7.80392232884943,96.25
