N=1000,graph=email,method=pearson,r=0.1,beta=0.95,modify_type=hide,dj=0.2,reconstruct_type=ra
k,prec,std_err
0,0.7039261904761904,0.013158460499571114
545,0.6657833333333333,0.013675601454074555
1090,0.60045,0.014376565995274503
2180,0.4786,0.014767253585047968
