N=1000,graph=fb,method=gmla,r=0.1,beta=0.95,modify_type=hide,dj=0.6,reconstruct_type=ra
k,prec,prec_err,rank,rank_err,css
0,0.0275,0.005149783516835466,410.149,11.761393675078654,758.0
963,0.048,0.00668885197479663,368.136,11.763603864457519,757.0
1925,0.0585,0.007306239192028352,360.764,11.749704671346592,757.0
3851,0.09095,0.009008982143353338,333.448,11.627982252620926,756.0
7702,0.072,0.008116765481513055,308.842,11.38125150947478,755.0
