N=1000,graph=fb,method=gmla,r=0.1,beta=0.95,modify_type=hide,dj=0.2,reconstruct_type=ra
k,prec,prec_err,rank,rank_err,css
0,0.4424166666666666,0.015457361812446118,184.964,10.535550889086746,17.0
321,0.48841666666666667,0.015543950116317025,168.309,10.181206632196773,10.25
642,0.4929166666666666,0.015483031773008644,163.648,10.070610273825876,9.0
1284,0.50325,0.015482516348421724,155.861,9.878304843726259,9.0
2567,0.4519166666666667,0.015396655302191262,140.446,9.43144619139935,12.0
