N=1000,graph=fb,method=pearson,r=0.1,beta=0.95,modify_type=hide,dj=0.1,reconstruct_type=srw
k,prec,prec_err,rank,rank_err,css
0,0.9031666666666667,0.008751501769849108,4.727,1.4578531499457714,1.0
160,0.9025,0.008673848760439948,4.775,1.4655771188481654,1.0
321,0.90225,0.00872736717292818,4.791,1.4380324253146224,1.0
642,0.8865,0.009374022026623486,4.981,1.460126230025201,1.0
1284,0.8462,0.01084834457017505,4.847,1.3513740425222034,1.0
