N=1000,graph=email,method=pearson,r=0.1,beta=0.95,modify_type=hide,dj=0.3,reconstruct_type=ra
k,prec,std_err
0,0.5537000000000001,0.014867829779842193
818,0.4908666666666666,0.014988722413112974
1635,0.42145,0.014723536034074157
3271,0.3100333333333333,0.01389448932131608
