N=100,graph=ba,method=pearson,r=0.1,beta=0.95,modify_type=hide,dj=0.1,reconstruct_type=bp
k,prec,std_err
0,0.009539682539682539,0.005628689927611746
19,0.0047619047619047615,0.00361327100304442
38,0.0,0.0
