N=100,graph=email,method=pearson,r=0.1,beta=0.95,modify_type=hide,dj=0.3,reconstruct_type=srw
k,prec,std_err
0,0.595,0.044397386703813393
1635,0.4866666666666667,0.04646179174366207
3271,0.355,0.044359451560641985
