N=1000,graph=email,method=lptva,r=0.1,beta=0.95,modify_type=hide,dj=0.5,reconstruct_type=srw
k,prec,std_err
0,0.17808333333333332,0.011558266783174327
1363,0.15581666666666666,0.010888143206985718
2726,0.13278333333333334,0.010217383508466958
5451,0.09825,0.009112306969421722
