N=500,graph=email,method=pearson,r=0.3,beta=0.95,modify_type=hide,dj=0.4,reconstruct_type=ra
k,prec,std_err
0,0.5245,0.021613663909709306
1090,0.4801666666666667,0.021544590837243673
2180,0.4468333333333333,0.021750824430201567
4361,0.36783333333333335,0.020994070639206865
