N=1000,graph=email,method=lptva,r=0.1,beta=0.95,modify_type=hide,dj=0.6,reconstruct_type=ra
k,prec,std_err
0,0.06323333333333334,0.007373739125800558
1635,0.06328333333333334,0.007226298052960231
3271,0.066,0.0076835128491489066
6541,0.04716666666666667,0.006531859840102857
