N=1000,graph=email,method=lptva,r=0.1,beta=0.95,modify_type=hide,dj=0.2,reconstruct_type=ra
k,prec,std_err
0,0.6826166666666666,0.013165264884431871
545,0.6221666666666668,0.013819859488940968
1090,0.5315,0.01456634002057237
2180,0.40191666666666664,0.014448118565215292
