N=1000,graph=cal,method=pearson,r=0.1,beta=0.95,modify_type=hide,dj=0.1,reconstruct_type=ra
k,prec,prec_err,rank,rank_err,css
0,0.9073333333333332,0.008617710345460964,4.325,1.4195169612947234,1.0
155,0.8986666666666666,0.009029690642035787,4.174,1.444351714741211,1.0
310,0.888,0.009445203997014142,4.351,1.4978836585177282,1.0
620,0.87,0.010117758432694912,3.883,1.2593908751362213,1.0
1241,0.8188333333333333,0.011690869361447262,4.809,1.3194170608190499,1.0
