N=1000,graph=fb,method=pearson,r=0.1,beta=0.95,modify_type=hide,dj=0.6,reconstruct_type=ra
k,prec,prec_err,rank,rank_err,css
963,0.18866666666666668,0.012197372134935838,54.507,4.144197186587689,33.0
1925,0.181,0.01196029746210556,57.148,4.169274630789743,38.0
3851,0.1535,0.011253787409774443,62.559,4.164871267118789,52.0
7702,0.11933333333333335,0.010172223985317775,71.979,4.45277146648385,67.0
