N=1000,graph=ba,method=pearson,r=0.1,beta=0.95,modify_type=hide,dj=0.1,reconstruct_type=bp
k,prec,std_err
0,0.40319166666666667,0.014865238055787502
39,0.1750801587301587,0.011159770330599575
78,0.1122015873015873,0.009283511446186098
