N=300,graph=email,method=pearson,r=0.1,beta=0.95,modify_type=hide,dj=0.6,reconstruct_type=srw
k,prec,std_err
818,0.13277777777777777,0.018711404115063716
1635,0.1061111111111111,0.01697865429533503
3271,0.10277777777777777,0.01692403172499528
6541,0.07611111111111112,0.014977962533609241
