N=1000,graph=email,method=pearson,r=0.1,beta=0.95,modify_type=hide,dj=0.4,reconstruct_type=srw
k,prec,std_err
109,0.3792833333333333,0.01458122226962505
218,0.38389999999999996,0.014623446609684797
545,0.3669,0.014660942060829522
1090,0.3036166666666667,0.013912491566511543
2180,0.271,0.013380717437966856
