N=1000,graph=email,method=gmla,r=0.1,beta=0.95,modify_type=hide,dj=0.3,reconstruct_type=srw
k,prec,std_err
82,0.21583333333333335,0.012504003362927412
164,0.21516666666666667,0.012539914030340585
409,0.24125,0.012946500790408558
818,0.24866666666666665,0.013075731433855172
1635,0.23583333333333334,0.012885448567464961
