N=1000,graph=fb,method=pearson,r=0.1,beta=0.95,modify_type=hide,dj=0.6,reconstruct_type=ra
k,prec,prec_err,rank,rank_err,css
0,0.216,0.012776128195736616,52.592,4.291533385026241,23.0
963,0.2028333333333333,0.012438158670979303,55.596,4.228467419848558,30.0
1925,0.1805,0.01196437334601759,60.597,4.329968269654665,38.0
3851,0.15733333333333333,0.0114231265927717,64.076,4.251436573316946,47.0
7702,0.1235,0.010316856151666914,71.973,4.362302597820897,68.0
