N=1000,graph=fb,method=pearson,r=0.1,beta=0.95,modify_type=hide,dj=0.5,reconstruct_type=srw
k,prec,prec_err,rank,rank_err,css
0,0.3538333333333334,0.014852340175047902,27.899,3.11165537908654,8.0
802,0.37875,0.015142607747767092,27.415,3.038466562931712,9.0
1604,0.35705952380952377,0.014917646027621419,28.333,3.017269631144526,10.0
3209,0.2765333333333333,0.01385330312021917,32.401,3.0336197929285817,17.0
6418,0.1714166666666667,0.01169563322131635,43.114,3.268441174583339,29.0
