N=1000,graph=email,method=gmla,r=0.1,beta=0.95,modify_type=hide,dj=0.4,reconstruct_type=srw
k,prec,std_err
0,0.09583333333333333,0.008977249449265682
1090,0.14045,0.01058442224029387
2180,0.14331666666666668,0.010642915966565867
4361,0.13711666666666664,0.010551939096510851
6541,0.11436666666666666,0.009816424160273715
10902,0.06683333333333333,0.007839379601678048
17443,0.07633333333333334,0.00835788176040163
