N=1000,graph=email,method=gmla,r=0.1,beta=0.95,modify_type=hide,dj=0.4,reconstruct_type=ra
k,prec,std_err
0,0.1214,0.009955290778332284
1090,0.13353333333333334,0.010324399250636978
2180,0.13044999999999998,0.010152012650743737
4361,0.11425,0.009745738397726309
