N=1000,graph=cal,method=pearson,r=0.1,beta=0.75,modify_type=hide,dj=0.5,reconstruct_type=ra
k,prec,prec_err,rank,rank_err,css
0,0.17845,0.011829611315277325,117.036,6.381340628129187,130.25
776,0.14259285714285716,0.010773714533373127,136.596,6.590978970364554,180.25
1551,0.11911666666666668,0.009871257113193461,150.784,6.99777451710129,196.5
3102,0.08928333333333333,0.008769397537259891,161.652,6.9021621785306335,247.0
6205,0.07589285714285714,0.00827496167495744,173.617,7.0989715951473364,267.75
