N=300,graph=email,method=gmla,r=0.1,beta=0.95,modify_type=hide,dj=0.1,reconstruct_type=srw
k,prec,std_err
136,0.5405555555555556,0.02686287826161386
273,0.543888888888889,0.026845350041696688
545,0.5469444444444443,0.02683526901592427
1090,0.48611111111111116,0.026999024317412693
