N=1000,graph=cal,method=pearson,r=0.1,beta=0.5,modify_type=hide,dj=0.6,reconstruct_type=ra
k,prec,prec_err,rank,rank_err,css
0,0.06383333333333333,0.007561542628784614,211.469,7.982713370261503,341.5
931,0.05291666666666667,0.006966568860838447,231.978,8.180489834351603,358.25
1862,0.052166666666666674,0.0069136574814552395,248.533,8.420972728414021,411.0
3723,0.053,0.006981385230721749,251.151,8.362391152343019,420.25
7446,0.0395,0.006101391396802615,264.897,8.50141673354962,438.25
