N=1000,graph=email,method=pearson,r=0.1,beta=0.95,modify_type=hide,dj=0.6,reconstruct_type=srw
k,prec,std_err
164,0.1251,0.009912052983610684
327,0.12179999999999999,0.009872380187028044
818,0.1104,0.009428541990718256
1635,0.09176666666666666,0.00891709058519114
3271,0.07790000000000001,0.008225727075417261
