N=1000,graph=fb,method=gmla,r=0.1,beta=0.95,modify_type=hide,dj=0.2,reconstruct_type=srw
k,prec,prec_err,rank,rank_err,css
0,0.4255,0.015417565963183617,201.646,10.853182309822788,788.25
321,0.4575,0.015506388585865652,197.472,10.783431903601914,41.5
642,0.49975,0.015542454577162901,185.56,10.553635184883722,15.25
1284,0.4930833333333333,0.015533757562576472,168.407,10.17739587211472,10.0
2567,0.4659666666666667,0.015476132829425459,159.975,9.940761999169084,14.0
