N=1000,graph=email,method=lptva,r=0.1,beta=0.95,modify_type=hide,dj=0.4,reconstruct_type=ra
k,prec,std_err
0,0.3441761904761904,0.014189650133464859
1090,0.28782619047619046,0.013515423001080175
2180,0.2062595238095238,0.012146888834344866
4361,0.12961666666666669,0.010245122635458948
