N=1000,graph=fb,method=pearson,r=0.1,beta=0.95,modify_type=hide,dj=0.1,reconstruct_type=ra
k,prec,prec_err,rank,rank_err,css
0,0.9288666666666667,0.007375522768854533,1.541,0.22901258866220817,1.0
160,0.9194500000000001,0.007880966975809955,1.573,0.20984924995745813,1.0
321,0.9171166666666667,0.008080038921528646,1.528,0.16770611599265345,1.0
642,0.9044500000000001,0.008688009688396938,1.578,0.18885863386031254,1.0
1284,0.8406166666666666,0.011115840222326551,1.793,0.17797141575215059,1.0
