N=500,graph=fb,method=gmla,r=0.3,beta=0.95,modify_type=hide,dj=0.1,reconstruct_type=ra
k,prec,std_err
0,0.717,0.019636526840883687
321,0.7434,0.01893647433183486
642,0.723,0.01944989967054814
1284,0.7331666666666666,0.019192822906609418
