N=1000,graph=email,method=gmla,r=0.1,beta=0.95,modify_type=hide,dj=0.3,reconstruct_type=srw
k,prec,std_err
0,0.21336666666666668,0.012317546145810265
818,0.25665,0.013188905364916556
1635,0.24515,0.012924564023150717
3271,0.21006666666666665,0.01224196676170292
