N=1000,graph=ba,method=pearson,r=0.1,beta=0.95,modify_type=hide,dj=0.3,reconstruct_type=bp
k,prec,std_err
0,0.22234924242424242,0.012617867533935604
117,0.055496861471861475,0.006598831200987684
234,0.038677777777777776,0.005862324892859979
