N=300,graph=email,method=pearson,r=0.1,beta=0.95,modify_type=hide,dj=0.1,reconstruct_type=srw
k,prec,std_err
136,0.7765,0.021338129599496415
273,0.7647222222222222,0.021727177078286957
545,0.7477777777777778,0.02242530761739962
1090,0.6855555555555556,0.024681462982807885
