N=1000,graph=fb,method=pearson,r=0.1,beta=0.95,modify_type=hide,dj=0.3,reconstruct_type=ra
k,prec,prec_err,rank,rank_err,css
481,0.7069166666666666,0.014002962718987499,9.811,1.9504095406802076,2.0
963,0.6747261904761905,0.014421508256544839,10.261,1.864593679220379,2.0
1925,0.577,0.01528522068223544,12.666,2.02847409427657,3.0
3851,0.3855833333333334,0.015123750592980087,16.193,2.103490533238365,7.0
