N=1000,graph=email,method=gmla,r=0.1,beta=0.95,modify_type=hide,dj=0.4,reconstruct_type=ra
k,prec,std_err
0,0.1214,0.009955290778332284
1090,0.13353333333333334,0.010324399250636978
2180,0.13044999999999998,0.010152012650743737
4361,0.11425,0.009745738397726309
6541,0.10275,0.009383566601004586
10902,0.06675,0.007794294185825199
21804,0.10116666666666665,0.00947772942918876
