N=1000,graph=email,method=gmla,r=0.1,beta=0.95,modify_type=hide,dj=0.2,reconstruct_type=srw
k,prec,std_err
0,0.3425,0.01428511397041741
545,0.35986666666666667,0.014458581824167404
1090,0.3593166666666667,0.014416625623638496
2180,0.32711666666666667,0.014033282163701541
