N=1000,graph=email,method=gmla,r=0.1,beta=0.95,modify_type=hide,dj=0.1,reconstruct_type=srw
k,prec,std_err
0,0.56365,0.014404235239198206
273,0.5579833333333334,0.014323234010953418
545,0.5527333333333333,0.014447111326917882
1090,0.5271500000000001,0.014523244660502073
