N=1000,graph=email,method=pearson,r=0.1,beta=0.95,modify_type=hide,dj=0.5,reconstruct_type=ra
k,prec,std_err
0,0.2178190476190476,0.012402309215324052
1363,0.1972,0.01212466497822383
2726,0.14533333333333331,0.01081579006120133
5451,0.10336666666666666,0.00936965019567079
