N=100,graph=email,method=pearson,r=0.1,beta=0.95,modify_type=hide,dj=0.6,reconstruct_type=srw
k,prec,std_err
0,0.09533333333333333,0.028853980462878747
3271,0.1,0.02930163576638442
6541,0.022000000000000002,0.014183501583590604
