N=1000,graph=fb,method=gmla,r=0.1,beta=0.95,modify_type=hide,dj=0.5,reconstruct_type=ra
k,prec,prec_err,rank,rank_err,css
0,0.07083333333333333,0.008056591007284578,375.912,12.071196545580808,773.0
802,0.0887,0.008916378850845888,343.479,11.999156942315837,773.0
1604,0.11653333333333334,0.009983524632985625,330.066,11.905976058682041,773.0
3209,0.12370000000000002,0.010218907446627358,308.37,11.757932304281741,772.0
6418,0.1115,0.009895234492707364,289.074,11.497210199277317,772.0
