N=1000,graph=email,method=gmla,r=0.1,beta=0.95,modify_type=hide,dj=0.3,reconstruct_type=ra
k,prec,std_err
0,0.23566666666666666,0.012879868093782032
818,0.2324166666666667,0.012690676441637145
1635,0.24308333333333335,0.012958344397447395
3271,0.20253333333333337,0.012098551862904991
4906,0.1570333333333333,0.011033511758050943
8176,0.11353333333333333,0.009807691751077352
16353,0.09883333333333333,0.00933033431725815
