N=1000,graph=email,method=pearson,r=0.1,beta=0.95,modify_type=hide,dj=0.4,reconstruct_type=ra
k,prec,std_err
0,0.3821,0.014764967352743933
1090,0.3297833333333333,0.014333655657851243
2180,0.24986666666666668,0.01310218321436395
4361,0.15903333333333333,0.011174048924600671
