N=1000,graph=email,method=lptva,r=0.1,beta=0.95,modify_type=hide,dj=0.6,reconstruct_type=srw
k,prec,std_err
0,0.04945,0.006521737797338264
1635,0.06486666666666666,0.007327452672913341
3271,0.06866666666666665,0.007742225336702321
6541,0.06258333333333334,0.0075706176598578645
