N=1000,graph=cal,method=lptva,r=0.1,beta=0.5,modify_type=hide,dj=0.6,reconstruct_type=ra
k,prec,prec_err,rank,rank_err,css
0,0.008833333333333332,0.002791213751675224,308.086,7.909472698123584,487.25
931,0.0025,0.0013211720158614838,315.124,7.955427798393715,501.25
1862,0.004166666666666667,0.001874548104814578,311.54,7.968325709621476,502.25
3723,0.004833333333333333,0.0018278651731161934,312.671,7.969853155379861,489.5
7446,0.01225,0.0032025032178271927,298.178,8.023170668980162,486.5
