N=1000,graph=email,method=lptva,r=0.1,beta=0.95,modify_type=hide,dj=0.4,reconstruct_type=srw
k,prec,std_err
0,0.3462261904761904,0.014039792815681096
1090,0.2922595238095238,0.013465996302047128
2180,0.24275952380952381,0.012749420140594802
4361,0.13094999999999998,0.010190687625521035
