N=1000,graph=email,method=pearson,r=0.1,beta=0.95,modify_type=hide,dj=0.1,reconstruct_type=ra
k,prec,std_err
0,0.7797833333333334,0.011606159303020983
273,0.7531166666666665,0.012263829795111541
545,0.73045,0.012767143930057246
1090,0.6851499999999999,0.013491441601863618
