N=300,graph=email,method=pearson,r=0.1,beta=0.95,modify_type=hide,dj=0.2,reconstruct_type=srw
k,prec,std_err
273,0.7027777777777778,0.02429430514163167
545,0.6869444444444444,0.02447459269698321
1090,0.6411111111111111,0.02599408852049786
2180,0.5034444444444446,0.02698580324807327
