N=1000,graph=fb,method=pearson,r=0.1,beta=0.95,modify_type=hide,dj=0.1,reconstruct_type=ra
k,prec,prec_err,rank,rank_err,css
0,0.9169166666666666,0.007996613518997693,2.821,1.0837718950593416,1.0
160,0.9111666666666668,0.008378109601710636,2.83,1.083562276570759,1.0
321,0.9073333333333334,0.008552122863484756,2.6,0.929443847613113,1.0
642,0.8707500000000001,0.010101599534057952,2.824,0.9477189431446404,1.0
1284,0.8404166666666667,0.011099147400474593,2.954,0.9500033633574101,1.0
