N=300,graph=email,method=gmla,r=0.1,beta=0.95,modify_type=hide,dj=0.2,reconstruct_type=srw
k,prec,std_err
273,0.3480555555555555,0.026260547695172366
545,0.35288888888888886,0.026172551195935884
1090,0.34194444444444444,0.025892642785371185
2180,0.3386111111111111,0.026065484896115928
