N=1000,graph=fb,method=gmla,r=0.1,beta=0.95,modify_type=hide,dj=0.1,reconstruct_type=ra
k,prec,prec_err,rank,rank_err,css
0,0.6401166666666666,0.014808601215095418,152.001,9.858505115996147,3.0
160,0.6568333333333333,0.01459945983798353,139.255,9.52392372387022,3.0
321,0.6633333333333332,0.014519325425473838,140.129,9.545989643681647,3.0
642,0.6616666666666666,0.014530332928720652,135.358,9.412965300677135,2.25
1284,0.6226666666666667,0.014924180902818912,131.93,9.293496660578315,3.0
