N=1000,graph=fb,method=pearson,r=0.1,beta=0.95,modify_type=hide,dj=0.4,reconstruct_type=ra
k,prec,prec_err,rank,rank_err,css
642,0.5481166666666667,0.01541120849549886,21.091,2.78878540641675,4.0
1284,0.49211666666666665,0.015484207092401977,22.157,2.8708288017589987,5.0
2567,0.4002833333333333,0.015193508708443222,25.914,2.969489935068728,7.0
5134,0.24669999999999997,0.01345307009924111,31.348,3.055305514639705,16.0
