N=1000,graph=fb,method=gmla,r=0.1,beta=0.95,modify_type=hide,dj=0.3,reconstruct_type=srw
k,prec,prec_err,rank,rank_err,css
0,0.2690333333333333,0.013846078526327368,264.706,11.689894490421938,788.0
481,0.3075333333333333,0.014397278966583984,231.814,11.26323052084817,787.0
963,0.3172,0.01452666764822031,209.936,10.90989962436932,784.0
1925,0.3510333333333333,0.014909322143399562,206.987,10.853335234697061,784.0
3851,0.3155833333333334,0.014480308665953338,192.848,10.535950509999047,60.0
