N=1000,graph=email,method=gmla,r=0.1,beta=0.95,modify_type=hide,dj=0.3,reconstruct_type=srw
k,prec,std_err
0,0.21336666666666668,0.012317546145810265
818,0.25665,0.013188905364916556
1635,0.24515,0.012924564023150717
3271,0.21006666666666665,0.01224196676170292
4906,0.1635333333333333,0.011222770479873072
8176,0.09166666666666666,0.008952630565285431
13082,0.06833333333333334,0.00793754819437367
