N=1000,graph=email,method=gmla,r=0.1,beta=0.95,modify_type=hide,dj=0.3,reconstruct_type=ra
k,prec,prec_err,rank,rank_err,css
0,0.2009166666666667,0.012185333984292477,448.853,16.611880084775198,1068.0
409,0.2086666666666667,0.01229661136637,410.217,16.360759528926625,1066.0
818,0.20825,0.012322592413278296,422.346,16.44178069542458,1067.0
1635,0.21708333333333335,0.012509860141801504,402.374,16.270674570372766,1066.0
3271,0.19241666666666668,0.01195073367258642,395.5,16.171708077446308,1066.0
