N=1000,graph=email,method=lptva,r=0.1,beta=0.95,modify_type=hide,dj=0.1,reconstruct_type=srw
k,prec,prec_err,rank,rank_err,css
0,0.7841666666666667,0.010951017573586852,10.792,2.451782203208915,1.0
136,0.7785,0.01111581356947441,10.646,2.442900416809176,1.0
273,0.7621666666666667,0.0115523872899302,10.925,2.4913884465075675,1.0
545,0.7233333333333334,0.012442057900717418,11.019,2.319560950266666,2.0
1090,0.6534166666666668,0.013616375307321817,11.821,2.307975673769269,2.0
