N=1000,graph=ba,method=pearson,r=0.1,beta=0.95,modify_type=hide,dj=0.4,reconstruct_type=bp
k,prec,std_err
0,0.18422500000000003,0.01180171594806294
156,0.09516538461538461,0.008959994715611817
312,0.05511666666666667,0.007023974052434066
