N=1000,graph=email,method=lptva,r=0.1,beta=0.95,modify_type=hide,dj=0.5,reconstruct_type=ra
k,prec,prec_err,rank,rank_err,css
0,0.15993333333333334,0.01109168451883957,121.147,8.305935103824792,61.25
681,0.18025952380952381,0.0115156086988555,126.055,8.345505343263188,70.0
1363,0.12900952380952382,0.009976490875492391,130.675,8.216043740739808,89.25
2726,0.1095,0.00955341218366599,136.073,8.393420111740635,92.5
5451,0.08741666666666666,0.008785132924717153,135.518,8.28907633349232,93.25
