N=1000,graph=fb,method=pearson,r=0.1,beta=0.95,modify_type=hide,dj=0.2,reconstruct_type=ra
k,prec,prec_err,rank,rank_err,css
0,0.8340833333333334,0.011140763423806323,6.693,1.5650642725387272,1.0
321,0.8395833333333333,0.010921611968793151,7.375,1.6502714233636753,1.0
642,0.8213333333333332,0.011468617870629794,8.554,1.8845048268557032,1.0
1284,0.7829166666666666,0.012469230007292052,9.17,1.9366154960599642,1.0
2567,0.6316666666666666,0.014813469658650942,10.012,1.8089920697195743,2.25
