N=1000,graph=email,method=pearson,r=0.1,beta=0.95,modify_type=hide,dj=0.4,reconstruct_type=srw
k,prec,std_err
0,0.3864,0.014604108553873462
1090,0.33198333333333335,0.014203605877379158
2180,0.27615,0.01340790000768014
4361,0.17758333333333332,0.011538887153884616
