N=1000,graph=email,method=lptva,r=0.1,beta=0.95,modify_type=hide,dj=0.5,reconstruct_type=ra
k,prec,std_err
0,0.16381666666666667,0.011162964079706725
1363,0.1525,0.010687983111091778
2726,0.13066666666666665,0.010342327664471726
5451,0.09166666666666667,0.008938643285657657
