N=1000,graph=email,method=lptva,r=0.1,beta=0.95,modify_type=hide,dj=0.3,reconstruct_type=ra
k,prec,prec_err,rank,rank_err,css
0,0.5671499999999999,0.014198649436213262,35.931,5.006990732485453,3.0
409,0.50795,0.01454622138987958,37.911,5.059837451345054,4.0
818,0.4490333333333333,0.01455244367624502,41.068,5.1500806505050685,6.0
1635,0.37066666666666664,0.0142825336879114,44.713,5.200659139617447,9.0
3271,0.22975,0.012684505015996252,50.21,5.219320569500134,19.0
