N=1000,graph=cal,method=pearson,r=0.1,beta=0.5,modify_type=hide,dj=0.3,reconstruct_type=ra
k,prec,prec_err,rank,rank_err,css
0,0.19416666666666668,0.012223786186223324,84.609,5.317154149283923,69.0
465,0.1605,0.01137772103143694,96.386,5.512825613988733,94.0
931,0.1405,0.01076842803642709,106.012,5.868665017283325,111.0
1862,0.11711666666666666,0.009909925086817626,123.026,6.260569467233318,141.25
3723,0.1045,0.009561441898122433,140.538,6.606114993800161,187.25
